id;street_address;postal_code;city;state_province
1;Secured Program;the program Ghana;珠 靖琪南市;Soft Colombia
2;installation International generating;Chief;济 懿轩海市;Gold harness
3;neural;e-commerce Reverse-engineered Directives;成 弘文南市;Outdoors
4;pink;SCSI;北 荣轩州市;Fuerte Sports
5;17(E.U.A.-17) Frozen Venezuela;analyzer;St. Louis;extend help-desk Cambridgeshire
6;Exclusive cutting-edge;compelling Beauty;弘文京市;Principal mobile
7;infomediaries Guadeloupe Licensed;山西省 JBOD;昊焱口市;Jewelery Bacon
8;Licensed Forward;connect Toys Assurance;西 伟祺宁市;blockchains
9;Refined Nicaragua synthesize;digital withdrawal;范汉市;IB
10;侬;utilisation 路;Warner Robins;Bhutanese extensible
